index,Letter Value,x-box,y-box,width,height,onpix,x-bar,y-bar,x2bar,y2bar,xybar,x2ybr,xy2br,x-ege,xegvy,y-ege,yegvx
784,12,6,10,7,8,4,7,7,13,2,8,9,8,9,6,0,8
11864,15,5,10,6,7,5,5,11,5,5,11,9,3,1,10,4,7
15879,23,4,10,6,8,4,7,7,4,9,6,6,8,3,8,7,7
14065,9,3,8,5,6,2,8,5,4,5,14,7,12,1,6,0,7
5956,22,7,9,7,4,3,6,10,2,2,8,10,7,8,12,1,7
3393,20,6,7,7,5,3,4,9,5,8,11,11,9,3,9,2,7
8726,0,2,8,4,5,1,8,6,3,1,7,0,8,2,7,1,8
2761,19,4,7,5,5,2,6,11,2,8,11,9,5,1,11,3,4
7081,25,4,8,4,6,4,8,7,5,9,7,5,7,2,8,8,8
8323,2,3,7,4,5,2,6,6,6,10,8,5,12,1,9,4,8
4361,16,4,5,5,8,3,8,7,8,6,5,6,8,3,8,5,9
9977,12,4,5,7,3,4,9,6,3,5,9,4,7,10,6,2,8
5471,14,5,9,6,6,4,8,6,8,4,7,4,8,3,8,3,8
13506,25,2,6,3,4,1,7,7,3,13,9,6,8,0,8,8,8
11521,1,4,8,6,6,5,8,7,5,6,9,5,6,3,8,7,9
8430,3,4,7,4,5,4,6,7,9,7,6,4,6,2,8,3,8
6305,6,3,8,4,6,2,7,6,7,7,6,6,10,1,8,6,11
2403,20,5,5,6,7,2,7,4,14,6,7,15,8,3,9,0,8
4959,18,4,8,4,6,4,8,8,5,7,5,5,7,0,8,8,8
1233,9,4,10,5,7,3,8,6,3,6,14,4,9,0,6,1,7
9121,17,5,5,6,7,3,6,11,9,4,7,3,8,3,7,6,11
4124,21,5,9,5,6,3,2,11,2,3,10,11,8,2,11,1,8
11635,7,4,9,5,7,4,7,8,13,1,7,5,8,3,8,0,8
7294,8,5,10,6,8,3,9,6,2,7,7,6,5,0,8,4,7
14895,17,4,7,5,5,4,8,9,6,6,8,5,8,3,7,6,11
7877,8,2,6,3,4,1,7,7,0,8,14,6,8,0,8,1,8
8664,13,3,7,4,5,4,9,8,6,5,6,5,4,5,9,2,5
12345,0,5,11,8,8,4,10,2,2,3,9,1,8,3,7,4,8
14697,11,5,11,7,8,4,6,4,0,9,8,2,11,0,7,2,8
4901,24,3,5,4,6,5,8,10,6,4,7,7,6,4,10,6,3
13564,25,4,9,4,6,2,7,7,4,14,9,6,8,0,8,8,8
14461,10,3,8,4,6,2,3,7,8,3,7,6,11,4,8,3,11
10138,11,1,0,1,0,0,2,2,5,4,1,2,6,0,8,0,8
4847,16,4,6,5,7,5,8,5,7,3,6,5,9,3,8,5,9
14550,24,5,8,5,6,3,3,10,2,7,11,11,6,1,11,2,5
8358,23,6,10,9,8,5,8,7,0,8,10,5,8,3,8,3,8
15842,15,6,9,8,6,5,9,8,5,6,12,4,4,5,9,5,7
2768,8,1,10,2,8,2,7,7,0,8,7,6,8,0,8,3,8
11859,15,4,10,5,7,3,5,10,10,4,9,6,5,2,10,4,8
14230,5,5,11,5,8,2,1,11,5,7,11,11,9,0,8,2,6
2564,9,7,10,5,8,4,7,10,3,2,12,5,5,2,9,8,9
8963,12,6,9,7,4,3,8,10,4,5,5,5,8,8,8,2,7
3508,4,3,7,3,5,2,3,7,6,10,7,6,15,0,8,7,7
14948,9,3,5,5,4,2,8,6,3,7,15,5,10,1,6,1,7
2383,11,3,7,4,5,3,5,4,5,7,2,2,5,1,6,1,5
6271,11,3,6,4,4,2,7,3,2,9,7,1,9,0,7,2,8
4921,25,4,7,6,5,4,9,6,2,8,11,4,10,2,7,6,10
3542,15,3,4,4,6,2,3,14,7,2,11,7,3,0,10,4,8
10262,12,5,9,6,6,6,8,5,11,0,6,9,8,7,5,0,7
3733,3,4,9,5,6,4,8,7,6,6,10,5,5,3,8,3,8
3585,23,6,9,9,6,4,5,8,2,8,11,11,9,3,9,4,5
12116,11,5,10,5,5,2,7,4,3,6,11,4,13,2,6,6,8
5969,5,4,6,6,4,3,5,12,4,5,13,7,4,2,10,2,6
8797,20,6,7,7,5,4,4,8,5,7,9,8,9,3,9,3,5
6595,13,4,10,4,8,3,7,7,14,2,5,6,8,6,8,0,8
14217,10,6,10,8,8,5,6,6,2,7,10,6,10,4,8,4,8
15321,22,6,8,6,6,5,4,10,2,3,9,9,8,7,11,2,6
855,18,5,8,7,6,4,5,8,4,6,10,9,8,2,8,5,4
6241,9,3,7,4,5,2,8,6,3,6,15,5,9,0,7,0,7
8183,24,6,11,9,8,5,9,10,0,8,4,11,7,1,10,2,9
13606,18,3,6,5,4,5,8,7,4,3,8,5,8,4,9,10,10
4415,6,4,7,6,5,3,5,5,5,7,6,5,9,2,10,4,7
11104,17,4,6,6,4,5,8,7,7,3,8,5,7,4,7,7,10
5435,1,3,7,4,5,3,6,7,8,6,7,6,7,2,8,9,10
9770,0,3,11,5,8,4,8,5,3,0,7,1,8,2,7,3,8
11119,13,5,9,8,7,5,7,9,2,4,10,5,6,5,9,1,7
1688,23,4,8,6,6,4,7,7,3,9,5,6,8,3,8,7,8
5623,1,8,14,7,8,6,10,7,3,6,10,4,7,6,6,7,9
14045,19,3,11,4,8,1,6,14,0,6,8,11,8,0,8,0,8
14981,8,1,10,0,7,0,7,7,4,4,7,6,8,0,8,0,8
6626,10,5,8,7,6,6,7,7,1,6,10,5,9,3,7,4,8
993,22,5,7,7,5,3,4,8,5,1,7,9,8,8,10,0,8
10388,11,6,12,5,7,4,5,6,3,6,12,8,12,3,7,7,8
12198,5,3,7,5,5,2,3,12,4,4,13,9,5,1,10,2,6
430,25,5,8,7,6,4,5,10,3,10,11,9,6,1,9,6,5
7146,12,5,10,8,8,6,12,6,2,4,9,3,6,8,6,2,8
4953,8,4,11,6,8,3,7,7,0,8,14,6,8,0,8,1,8
6070,2,7,10,7,7,4,3,8,5,7,11,10,13,1,9,3,7
8547,10,6,9,9,8,8,8,6,2,4,7,4,9,7,4,9,12
14723,21,4,8,4,6,3,4,11,2,2,9,10,8,3,12,1,8
10138,11,1,0,1,0,0,2,2,5,4,1,2,6,0,8,0,8
1156,5,2,7,3,5,1,1,12,4,4,12,10,7,0,8,2,6
7870,12,4,6,5,4,4,8,6,6,5,7,7,8,7,5,2,8
7784,19,6,11,5,6,2,5,10,2,7,13,7,5,2,8,4,4
235,5,4,8,5,6,3,5,10,4,6,11,10,5,2,10,3,5
7179,10,6,11,9,8,6,2,9,3,7,11,12,12,3,8,4,5
2303,6,3,8,5,6,4,6,6,6,6,7,5,11,2,10,4,9
4759,21,6,10,6,7,4,4,12,1,2,8,10,7,6,12,2,7
7684,2,6,12,5,6,4,7,9,4,5,8,7,9,4,8,8,10
5173,6,7,11,8,8,6,6,6,7,7,9,8,11,2,11,5,9
5298,19,2,5,4,7,1,5,14,1,6,9,11,7,0,8,0,8
12013,11,4,9,4,6,2,0,2,4,6,1,0,7,0,8,0,8
13207,15,4,9,6,7,5,7,10,4,4,12,5,3,1,10,3,8
5473,24,6,6,5,9,4,7,7,4,3,6,11,6,4,11,6,6
813,0,3,6,5,4,2,9,2,2,2,7,1,8,2,7,3,7
11136,12,7,11,11,8,15,9,7,3,3,8,5,7,12,4,5,5
9232,16,4,7,6,8,6,8,5,8,4,6,5,9,4,9,6,8
5997,20,6,10,9,8,5,4,9,7,9,9,11,10,3,9,1,7
161,22,6,5,7,4,4,4,11,2,2,9,9,8,7,11,1,7
14936,21,4,9,6,7,2,8,8,5,3,6,14,8,3,9,0,8
1779,0,3,8,5,5,2,7,5,3,1,6,1,8,2,7,2,7
1076,16,6,12,6,6,4,11,4,4,6,12,3,9,3,9,7,12
1839,2,4,9,6,7,4,5,8,6,6,8,8,15,3,10,4,9
13175,23,4,8,6,6,3,9,7,1,8,10,2,7,3,8,4,9
15287,22,4,9,7,6,5,7,8,4,1,7,9,8,7,11,0,8
11663,5,4,9,6,6,6,11,6,2,5,10,5,6,5,9,4,7
9979,18,6,11,6,6,3,6,8,5,3,13,9,8,3,10,3,8
14018,14,3,9,4,6,4,7,7,8,6,7,7,8,2,8,3,7
4650,11,3,7,4,5,2,6,4,1,9,8,2,11,0,7,2,8
4503,13,4,7,6,5,4,7,9,6,5,7,6,6,5,9,1,6
1964,15,3,7,5,10,8,7,12,4,1,9,8,5,4,11,4,8
6321,2,3,8,4,6,2,5,8,7,7,7,8,14,1,9,4,10
7068,12,9,14,11,8,7,5,4,4,3,7,4,10,10,1,2,8
12911,23,3,8,5,6,3,8,7,4,9,6,6,6,3,8,7,7
9608,3,5,9,7,6,6,9,7,3,6,11,5,6,4,7,4,8
15151,23,4,9,5,7,3,7,7,4,4,7,6,7,3,8,4,8
3046,18,3,7,5,5,6,7,5,3,3,6,5,7,3,8,9,3
13817,12,8,10,10,6,5,9,3,3,2,9,3,10,8,1,2,9
15387,23,4,9,6,7,5,8,6,3,5,6,7,7,2,8,9,9
11552,17,4,8,6,6,5,9,8,4,6,8,3,8,4,5,5,11
5515,19,6,8,6,6,4,7,11,3,8,12,9,4,2,12,3,4
3491,18,7,12,6,7,3,9,3,4,4,9,2,8,3,6,5,9
164,4,3,8,3,6,3,3,6,5,9,5,4,13,0,8,6,9
12620,3,4,8,6,6,8,9,8,4,5,7,6,6,4,6,7,5
10014,13,4,7,6,5,4,11,7,3,5,10,1,4,5,9,1,7
7885,5,5,9,7,7,4,6,10,2,6,13,7,5,1,10,2,7
7465,9,3,11,4,8,4,10,7,0,7,11,3,6,0,7,1,7
5139,2,6,10,6,8,4,4,7,6,6,13,10,12,2,11,3,7
11482,18,4,8,5,6,4,8,7,7,7,7,6,8,2,9,9,8
4532,12,5,8,8,6,5,3,7,4,5,11,12,11,6,9,3,7
1361,19,6,13,5,7,2,6,9,3,7,13,6,6,2,8,4,4
13341,24,6,8,6,6,4,4,9,1,8,11,10,6,1,10,2,4
7418,24,3,5,5,7,7,9,6,4,1,6,7,8,6,10,8,9
12373,23,4,11,6,8,4,7,8,3,9,6,5,6,4,10,8,6
5502,20,11,14,9,8,4,4,3,5,5,4,7,7,6,6,2,6
3173,11,6,11,8,8,10,7,7,3,6,6,7,11,6,11,7,5
2697,21,9,11,7,6,4,9,9,6,5,6,10,5,6,13,3,7
15244,8,2,10,2,8,3,7,7,0,8,7,6,8,0,8,3,8
8047,19,4,8,5,6,3,6,11,3,7,9,11,7,5,12,1,7
15653,25,5,8,7,6,4,8,7,2,9,12,5,8,2,8,6,8
15949,12,5,8,7,6,7,8,6,6,5,7,7,10,11,6,2,9
10600,10,4,5,7,4,3,6,6,2,7,10,8,11,4,7,4,7
15191,12,6,12,8,7,5,13,2,5,2,11,1,9,7,2,1,8
11733,16,5,8,6,10,7,7,10,4,2,6,9,11,3,9,6,8
12660,24,3,9,5,6,1,7,10,2,3,7,13,8,1,11,0,8
12124,19,5,10,7,8,4,5,12,3,8,8,12,8,1,12,1,7
13826,16,4,8,5,6,5,8,4,7,4,6,6,11,2,8,3,9
2495,20,7,10,6,5,3,6,6,4,5,4,8,7,5,8,2,6
14323,21,4,8,6,6,3,6,12,3,3,6,12,9,3,10,1,8
5164,4,5,7,7,5,4,6,7,4,9,12,8,9,2,8,5,7
13907,9,3,11,4,9,3,9,7,2,7,11,3,7,1,6,2,6
11424,20,3,8,5,6,3,4,8,7,7,9,10,11,3,9,0,8
6618,23,4,8,6,7,6,9,9,2,6,7,5,6,2,5,7,7
15083,4,4,6,6,6,6,6,8,4,4,8,7,9,4,11,8,10
7588,20,4,9,5,7,2,7,5,14,5,7,14,7,3,9,0,8
2996,11,1,0,1,0,0,2,2,5,4,1,2,6,0,8,0,8
1973,22,4,9,5,6,6,7,6,6,2,7,7,8,6,8,4,8
2912,24,6,9,5,4,3,6,8,3,4,10,8,5,3,10,4,4
10989,12,6,10,8,8,9,8,7,5,5,6,7,7,11,7,4,6
13939,1,4,8,6,6,8,8,7,5,3,7,7,7,6,10,8,9
6500,21,7,13,6,7,3,8,10,6,4,8,10,5,6,13,3,8
1473,25,7,10,5,14,5,5,11,3,3,12,8,6,3,8,12,5
1490,13,4,8,6,6,4,5,9,2,3,9,8,8,5,8,1,7
5678,11,2,3,3,5,1,0,1,5,6,0,0,7,0,8,0,8
13,12,6,9,8,6,9,7,8,6,5,7,5,8,8,9,8,6
8974,10,5,9,7,6,5,4,7,2,7,10,10,12,3,8,3,6
8111,13,5,10,7,7,8,7,8,3,5,7,6,7,7,8,8,2
11264,4,3,7,3,5,3,3,8,4,8,7,6,13,0,8,6,9
11171,12,5,11,5,8,7,7,5,11,1,8,8,8,9,5,2,10
2735,15,3,6,4,9,8,8,9,5,0,8,7,6,5,10,3,7
68,24,5,10,6,7,6,9,6,6,4,7,8,7,6,9,8,3
12097,2,4,8,4,6,3,6,8,6,7,12,8,12,2,10,3,8
11856,21,5,9,5,6,3,2,12,4,3,11,12,8,3,10,1,7
3503,2,4,8,6,6,5,5,6,4,5,8,6,11,6,9,4,8
15152,1,4,8,5,6,4,6,7,9,7,7,6,7,2,8,9,9
14077,25,4,5,6,7,5,11,5,3,5,9,3,7,2,7,6,9
8292,1,5,10,7,7,6,9,6,4,7,9,5,7,2,8,6,10
1767,18,6,9,7,6,4,8,8,4,10,11,4,7,2,6,5,9
12178,13,4,9,4,6,2,7,7,14,2,5,6,8,6,8,0,8
12754,20,5,7,5,5,3,4,8,6,7,9,9,9,3,9,2,5
14109,20,3,9,4,7,2,7,6,14,5,8,13,7,3,9,0,8
9353,3,4,9,5,6,5,7,7,6,6,7,6,5,3,8,3,7
471,9,3,10,5,7,5,9,8,3,3,8,4,6,4,8,6,5
8696,6,6,8,6,6,5,6,7,6,6,9,7,11,2,9,4,9
9982,5,4,7,6,5,5,7,9,6,5,8,6,8,3,10,8,10
4250,7,7,10,10,8,9,7,8,3,6,10,6,7,3,8,3,8
3793,22,8,10,11,9,14,7,7,5,5,6,5,8,11,9,10,9
437,22,4,6,7,4,4,9,11,2,3,5,9,8,7,11,1,8
8130,12,7,11,9,8,10,7,10,7,5,7,7,9,8,10,7,12
5493,16,5,7,7,10,9,9,9,5,0,6,7,10,8,14,5,11
8452,15,6,7,8,9,9,6,8,4,3,9,8,6,6,11,6,6
4085,12,5,10,8,7,10,12,4,3,1,9,4,9,10,6,3,8
10884,8,7,12,5,7,3,10,5,4,5,12,3,7,3,8,5,10
6299,7,6,11,6,8,6,8,5,14,2,7,9,8,3,9,0,8
3607,12,5,8,7,6,6,4,7,3,4,10,10,10,5,6,2,6
12261,16,7,10,9,8,8,8,5,8,4,6,7,8,4,6,7,8
6616,15,4,8,6,6,3,6,11,5,4,12,5,3,1,10,3,8
12121,18,3,7,4,5,3,8,7,7,7,7,7,8,2,9,9,8
2712,19,7,10,9,7,7,6,7,7,7,8,10,8,3,9,6,8
5510,15,9,13,9,7,6,11,6,3,4,12,4,6,5,9,6,9
13269,0,4,7,5,5,5,7,7,7,4,6,6,9,2,8,7,4
7641,0,4,9,6,7,4,8,2,1,2,6,2,8,2,7,3,6
10171,17,3,8,4,6,4,5,11,7,3,8,4,9,2,6,5,11
13907,9,3,11,4,9,3,9,7,2,7,11,3,7,1,6,2,6
5722,24,4,6,6,8,8,9,8,4,2,6,8,9,4,11,7,8
14801,4,7,10,5,5,2,7,8,5,7,10,6,8,1,9,7,8
9922,4,5,12,4,6,3,7,7,4,5,10,6,8,3,9,8,9
3488,7,5,8,8,6,5,7,7,3,6,10,6,8,3,8,3,7
9526,24,9,10,7,14,5,9,11,2,3,7,10,5,4,10,6,9
135,23,4,8,5,6,3,5,8,1,8,10,9,9,2,9,3,6
10410,3,5,5,6,8,3,5,7,10,10,7,6,6,3,8,4,8
3366,7,6,8,9,6,7,6,9,3,6,10,8,8,3,8,4,6
15145,22,6,10,9,8,14,9,7,5,2,7,6,8,11,11,4,8
11759,12,8,9,11,8,13,8,7,4,4,7,6,7,11,8,6,4
3615,18,4,10,5,8,3,8,7,6,9,4,6,8,0,8,9,8
9594,17,4,8,5,6,3,6,10,9,4,7,4,8,3,8,5,10
5662,2,4,7,5,5,2,5,9,7,8,8,8,14,1,8,4,9
3700,20,9,10,9,8,5,4,7,6,9,9,8,9,6,10,4,2
8728,24,4,7,6,11,9,8,9,3,2,6,8,9,6,13,10,6
9317,2,6,11,4,6,2,6,8,7,6,11,7,7,2,9,5,8
1343,6,5,8,7,7,7,7,8,6,3,7,7,9,7,10,8,8
7968,14,4,7,5,5,3,8,6,7,4,10,5,9,3,8,3,7
10998,19,6,9,7,8,7,6,8,4,9,8,8,8,3,10,8,7
5053,4,4,9,6,7,5,7,7,2,7,11,7,9,3,8,4,8
14597,18,5,11,7,8,9,6,5,3,2,6,5,6,5,8,15,3
2835,25,3,6,6,4,3,7,7,2,10,12,6,8,1,8,6,8
9062,6,4,7,4,5,3,6,6,6,5,10,7,13,2,9,4,10
12125,15,6,10,8,8,5,7,10,5,4,12,5,3,1,10,3,8
14605,25,8,12,8,7,5,8,6,2,9,12,6,9,3,7,7,7
13986,18,7,11,5,6,3,7,3,2,5,7,2,7,3,7,5,9
1695,19,5,7,6,6,6,5,8,4,8,9,7,10,3,7,7,5
2636,16,3,5,4,6,3,8,10,5,2,6,9,12,2,10,6,8
6375,25,9,10,6,14,6,8,4,5,4,12,7,9,3,8,12,7
11,14,6,13,4,7,4,6,7,6,3,10,7,9,5,9,5,8
15666,14,4,8,6,7,5,7,6,5,5,9,5,8,3,6,5,6
12820,7,4,9,4,7,4,7,7,13,1,7,6,8,3,8,0,8
11010,20,7,9,8,7,3,3,10,6,7,13,11,8,3,9,1,7
10595,12,6,6,9,6,9,9,8,5,4,7,6,7,11,9,6,3
15269,2,7,9,8,8,8,5,7,4,5,7,6,11,5,9,8,9
8559,7,5,7,8,5,6,5,9,3,6,10,9,9,3,9,3,6
14898,6,5,4,6,6,3,8,8,8,8,6,7,8,2,7,6,11
13302,23,5,9,6,6,5,7,6,3,5,6,6,9,3,7,10,9
9395,7,4,7,5,5,5,7,7,6,6,7,6,8,6,8,3,8
1617,5,4,9,4,6,2,1,13,5,3,12,10,6,0,8,2,6
7131,20,5,7,7,5,5,8,7,8,5,6,7,9,3,8,4,6
9341,4,4,7,6,6,6,6,8,3,3,8,7,8,5,12,9,9
7194,0,6,10,8,8,8,7,7,8,4,7,6,8,4,8,11,2
516,5,4,9,5,7,3,4,11,3,7,11,10,6,1,10,3,5
12330,6,5,12,4,6,4,7,6,4,2,8,6,8,4,9,9,7
4588,13,5,8,8,6,3,3,9,4,4,11,11,10,5,8,1,7
12055,11,5,10,4,5,2,9,3,4,4,12,4,13,2,6,6,9
12819,17,5,11,7,8,5,8,9,4,6,8,4,9,4,6,6,11
10370,4,7,10,9,8,9,8,7,6,2,7,6,10,5,8,8,10
15507,9,6,10,5,7,3,7,10,2,3,12,5,5,2,8,7,9
14501,15,3,6,4,4,2,7,11,7,3,11,5,3,1,10,4,7
276,17,4,8,5,5,3,5,11,8,3,7,4,8,3,7,6,11
8337,11,4,9,6,7,3,8,4,1,8,9,2,10,0,6,2,9
5245,22,6,9,6,6,6,3,11,2,3,10,10,8,6,11,2,7
12115,10,5,8,7,6,8,6,9,4,5,6,5,9,8,7,7,10
12628,25,4,10,5,8,3,7,7,4,15,9,6,8,0,8,8,8
1514,25,4,7,6,5,5,8,8,5,3,6,4,6,4,8,8,3
4334,15,7,10,7,5,4,8,9,4,3,12,5,4,4,11,5,6
2105,21,3,8,5,6,1,9,8,4,3,6,14,8,3,9,0,8
2612,4,4,8,5,6,5,7,7,5,8,7,7,9,3,8,6,9
13218,13,6,11,7,9,3,7,7,15,2,4,6,8,6,8,0,8
3210,13,8,11,11,8,5,9,7,3,6,10,3,5,6,8,2,7
6116,20,4,7,6,6,6,7,7,5,3,6,7,8,4,7,2,7
616,24,5,6,5,4,3,5,9,1,7,9,10,6,2,11,3,5
14188,15,5,9,7,7,4,9,8,3,5,12,4,4,2,9,4,8
10618,12,5,10,8,7,7,9,6,2,4,8,5,7,7,6,2,8
8489,16,5,8,6,8,5,8,7,8,6,5,5,8,3,10,5,10
7654,12,7,8,10,7,11,8,8,5,4,7,6,7,11,10,6,3
7136,17,4,8,7,7,8,7,8,3,4,7,4,8,6,8,5,6
11829,3,4,8,5,6,3,9,7,4,7,11,4,5,3,8,3,8
11396,12,5,8,9,6,10,8,6,3,2,8,4,8,14,6,3,7
4398,12,6,10,7,8,7,8,5,11,0,7,9,8,10,5,3,7
11376,22,4,7,6,5,3,6,8,4,1,7,8,8,8,10,0,8
6684,22,10,12,9,6,4,5,9,2,2,7,10,7,9,12,1,6
9443,0,5,11,5,6,4,10,3,4,2,10,5,11,5,3,5,10
1941,22,3,8,5,6,5,6,11,2,2,7,8,8,6,11,1,8
4913,7,5,8,7,6,7,8,7,6,7,7,6,7,3,8,4,7
5811,9,3,9,4,7,4,10,6,2,5,9,4,6,3,7,7,8
3853,21,7,9,7,7,3,3,11,5,5,12,12,7,3,10,1,8
7503,9,5,9,6,7,3,9,7,2,6,15,4,8,0,7,1,7
8711,3,6,11,6,6,4,5,9,5,7,10,7,6,5,8,6,5
13125,16,5,7,7,10,11,8,6,5,2,6,6,8,11,12,10,15
15373,13,4,8,6,6,6,7,9,3,4,7,6,7,6,8,6,4
7827,16,6,8,8,7,6,7,4,4,5,6,4,8,4,5,6,7
9236,0,3,8,5,6,3,6,4,3,0,6,2,7,2,7,2,7
15942,19,6,8,6,6,3,4,12,3,7,12,10,5,1,11,1,5
14952,5,7,10,6,5,4,8,9,3,4,11,6,5,3,9,6,7
6165,9,3,8,5,6,5,9,7,3,3,8,4,6,4,8,6,4
9635,24,4,8,6,6,5,9,5,7,5,6,9,7,3,9,9,4
10162,12,10,14,10,8,5,9,11,6,5,4,6,9,10,11,2,7
7305,9,8,10,5,14,4,7,8,3,4,11,6,5,3,8,8,9
14334,24,8,11,7,6,4,7,8,4,6,10,6,4,4,10,5,5
10570,20,3,7,5,5,3,8,8,5,7,4,8,8,3,9,0,7
8702,5,4,7,5,8,6,6,9,4,4,7,7,6,4,9,9,8
9105,1,4,9,4,4,4,8,7,3,4,9,6,8,5,7,6,8
1798,16,4,7,5,7,4,8,7,7,5,6,4,9,2,8,3,8
2909,13,8,10,7,6,3,7,10,5,5,4,5,10,6,11,3,7
10094,13,10,13,12,7,5,3,11,6,3,14,12,9,6,9,0,8
10261,6,5,9,6,7,4,7,6,7,8,11,6,11,2,11,4,9
10151,19,3,7,4,5,2,5,13,3,6,12,9,4,1,11,2,4
14171,23,8,13,7,7,4,8,8,2,9,9,6,7,4,10,4,8
9692,6,4,9,5,6,7,8,7,5,2,6,6,8,8,8,7,12
885,6,4,10,6,8,7,7,9,6,3,5,5,11,5,7,8,7
15777,13,6,11,7,8,6,7,7,13,1,6,6,8,6,8,0,8
15828,14,6,10,7,8,6,7,8,7,4,10,7,7,5,9,4,9
15067,10,7,11,10,8,8,10,6,1,6,10,3,8,6,8,6,11
10695,17,4,8,6,6,4,10,8,3,7,10,1,7,3,6,4,10
8253,17,4,7,4,5,4,6,10,7,3,7,4,9,2,7,5,11
2123,24,5,9,5,6,3,3,10,2,7,11,11,6,1,11,2,5
5631,19,6,11,8,8,7,7,7,7,7,5,9,10,6,7,9,4
10806,12,5,6,7,4,5,11,6,3,4,9,2,6,7,6,2,8
1723,21,6,11,6,6,3,5,9,4,3,10,8,5,5,12,2,7
6045,8,2,9,5,7,5,10,6,2,4,9,5,5,3,8,5,7
2183,18,6,12,6,6,3,10,4,4,3,12,6,9,3,10,2,8
7661,23,4,7,7,5,3,7,8,1,8,10,8,8,3,8,3,7
14260,18,6,9,7,6,4,8,7,4,8,11,6,8,2,9,5,8
12768,13,6,11,6,8,3,7,7,15,2,4,6,8,6,8,0,8
2830,8,1,8,0,6,1,7,7,5,3,7,6,8,0,8,0,8
12261,16,7,10,9,8,8,8,5,8,4,6,7,8,4,6,7,8
2369,23,3,8,5,6,3,8,7,4,8,6,6,8,3,8,6,8
8709,5,4,8,6,6,3,5,11,5,5,13,8,5,2,9,2,6
10916,20,8,11,9,8,6,4,8,6,8,9,7,9,7,9,6,1
10535,2,6,9,6,7,3,5,8,7,8,13,9,9,2,11,3,6
15073,18,5,9,7,6,3,8,8,4,8,11,6,7,2,8,5,7
3356,8,3,10,4,7,2,7,8,0,8,13,6,7,0,8,1,7
3689,3,3,8,3,6,2,5,7,10,8,7,6,5,3,8,4,8
4909,3,4,9,5,6,8,8,10,5,4,8,6,5,6,10,9,6
10451,8,2,9,2,7,2,8,7,0,9,7,6,7,0,8,3,7
9607,18,4,7,6,5,6,8,6,4,3,8,6,8,4,8,10,10
10846,4,3,10,4,7,5,7,7,6,8,8,8,9,3,8,6,9
540,12,8,9,11,7,8,10,6,2,5,9,4,7,8,7,2,8
8936,16,6,8,6,9,7,8,8,6,2,7,8,11,3,8,6,8
4170,8,2,8,2,6,2,7,7,0,8,7,6,8,0,8,3,8
3377,25,4,8,5,6,5,8,7,3,8,8,6,7,1,8,10,9
5924,9,7,11,5,15,4,8,8,3,3,13,4,5,3,8,7,10
11009,3,4,8,5,6,4,7,7,7,7,7,6,4,3,8,3,7
9078,25,6,7,5,11,4,7,7,5,3,11,7,7,3,9,11,6
6034,1,3,7,5,5,5,8,7,7,6,6,6,6,2,8,6,9
607,22,8,11,8,6,5,9,8,4,5,6,9,6,11,8,3,6
10024,24,4,9,6,6,4,10,10,1,7,3,11,8,1,11,2,9
3979,22,7,10,7,8,7,4,11,2,2,9,8,7,7,12,2,6
15486,15,4,4,4,6,2,4,12,8,2,10,6,4,1,10,4,8
15695,15,6,7,8,9,10,9,9,3,2,6,8,7,6,10,6,4
10272,1,7,10,5,6,4,6,7,5,5,10,6,8,5,7,8,9
1111,1,4,6,6,4,5,9,8,3,6,7,6,8,6,8,6,9
13098,12,4,6,7,4,5,4,7,3,4,11,10,10,5,7,2,6
12296,16,4,6,6,9,3,8,9,7,6,6,9,9,4,7,6,10
13755,15,3,5,5,7,7,8,10,4,0,8,7,6,7,10,4,7
9564,8,5,13,4,7,2,9,7,5,4,12,3,6,3,8,5,10
4817,25,4,11,4,9,4,6,8,6,10,7,7,9,2,9,8,8
12581,19,5,7,6,5,5,6,7,7,7,7,8,8,3,10,5,9
10932,16,6,9,7,11,9,8,4,8,4,6,5,7,5,8,7,11
2643,16,3,7,4,9,5,8,7,8,3,5,6,9,3,8,6,10
12841,3,5,6,6,6,5,6,6,5,7,7,6,8,4,6,6,5
14300,23,6,10,9,8,5,3,9,2,8,11,12,10,3,9,3,5
11849,21,4,8,4,6,2,3,11,3,3,10,11,7,2,10,1,7
13167,16,4,5,5,7,3,9,8,8,6,5,8,10,3,8,5,9
8909,5,5,11,7,8,6,9,8,1,6,13,5,5,3,8,3,9
12014,4,4,7,6,5,5,8,9,7,3,6,6,11,4,7,7,10
13327,13,6,9,9,7,4,7,8,3,5,10,6,7,6,9,1,7
3936,13,6,9,5,5,2,4,8,4,6,4,4,11,5,9,2,7
7638,17,5,7,7,5,4,9,8,4,6,9,4,7,3,7,5,11
10897,4,4,6,6,4,4,6,8,2,8,11,7,9,2,9,4,8
9048,24,4,10,7,8,4,4,9,1,8,10,12,10,1,11,2,7
5708,8,6,11,7,8,5,7,7,1,7,7,6,8,0,8,4,8
2542,2,7,11,5,6,2,7,7,7,7,12,6,9,2,9,5,9
14374,5,5,8,7,6,7,7,9,1,4,10,7,6,5,10,3,5
10057,7,6,7,8,5,6,10,6,3,6,10,3,7,4,7,4,9
11955,23,5,11,7,9,6,8,7,3,5,6,7,7,4,10,11,9
15669,11,4,7,5,5,6,7,7,3,5,6,7,11,6,11,6,5
5224,1,3,7,4,5,3,6,7,8,6,7,6,6,2,8,9,10
9099,18,5,7,6,5,3,8,7,3,8,11,6,8,2,10,5,8
5229,25,5,5,6,8,3,7,7,4,15,9,6,8,0,8,8,8
3471,3,4,7,4,5,2,5,6,10,9,5,5,6,3,8,4,8
14980,17,3,8,5,6,4,8,7,4,5,9,3,8,3,7,4,11
2973,12,4,9,5,6,5,6,6,6,4,7,7,11,7,5,2,10
4497,5,4,9,4,6,2,1,14,5,3,12,9,4,0,8,3,6
15188,18,5,7,7,6,8,7,8,5,5,7,7,7,5,9,11,12
5373,24,8,7,6,10,4,9,7,6,6,4,10,7,5,10,3,7
6362,15,8,15,8,9,5,8,9,4,4,12,5,3,5,10,6,6
11052,25,5,10,6,7,3,7,7,4,15,9,6,8,0,8,8,8
10226,16,3,5,4,7,4,8,5,6,3,9,5,11,3,8,4,8
8648,5,9,15,8,8,6,7,11,3,5,12,6,3,5,9,9,6
14584,17,3,8,5,6,4,8,7,5,7,7,6,6,3,8,5,8
1530,9,3,9,4,7,1,12,2,9,4,13,7,13,1,6,0,8
10406,19,5,7,5,5,3,7,11,4,7,11,8,4,3,12,3,5
4788,23,4,6,5,5,5,7,9,2,6,8,6,8,3,6,6,7
12811,21,5,9,7,7,4,7,12,2,3,5,10,9,4,12,2,7
12025,16,8,13,7,7,4,7,5,4,8,10,5,9,3,7,9,9
10060,11,6,11,6,6,4,8,4,3,4,12,7,11,3,9,6,9
5789,20,4,8,6,6,8,9,7,4,5,6,8,8,8,8,6,6
6636,3,3,7,4,5,3,8,7,7,7,9,5,4,3,8,4,7
10844,22,5,9,7,7,7,8,5,7,2,6,7,8,7,7,5,3
11930,11,6,9,5,5,2,7,4,3,5,10,4,12,2,7,6,7
8566,24,7,9,7,6,3,3,12,5,5,13,11,5,1,11,2,6
14024,2,3,7,4,5,2,4,8,7,7,7,8,14,1,8,4,10
14731,4,4,9,6,7,7,7,8,3,6,5,7,10,5,11,7,8
12121,18,3,7,4,5,3,8,7,7,7,7,7,8,2,9,9,8
12587,20,5,10,6,8,2,7,4,15,6,7,14,8,3,9,0,8
7521,10,4,7,6,5,4,6,7,5,7,6,5,10,3,8,5,9
14546,23,4,6,5,5,5,7,8,2,4,7,6,8,2,7,7,7
15560,23,7,9,7,5,3,8,7,2,8,9,6,8,4,10,4,8
2731,10,4,10,4,7,2,4,8,9,2,6,3,11,4,8,2,11
13345,5,3,4,3,5,1,1,12,5,4,11,10,7,0,8,3,6
2021,10,12,15,11,9,5,6,8,3,7,9,9,10,6,10,4,6
4594,13,6,7,8,5,4,11,7,3,6,10,1,4,5,9,1,7
1352,9,5,6,6,7,5,8,9,4,5,7,6,8,3,8,8,8
8049,21,4,9,5,7,2,5,9,5,2,8,13,8,3,10,0,8
9896,10,8,12,7,6,3,6,8,2,7,9,6,8,5,7,3,7
13419,3,7,12,7,7,5,9,6,4,7,10,5,7,6,8,8,6
12465,6,5,7,7,6,6,8,10,5,3,6,7,10,8,11,7,8
4294,21,5,7,5,5,2,3,11,4,3,10,12,7,2,10,1,8
11799,15,6,12,5,7,4,6,11,5,2,11,6,3,3,12,5,5
11915,24,6,7,8,9,8,10,10,5,3,6,7,8,6,11,8,4
5665,11,2,7,2,5,1,0,1,5,6,0,0,7,0,8,0,8
2286,6,4,4,6,6,2,8,5,8,9,6,5,10,2,8,5,10
9944,23,4,9,7,6,4,11,6,1,8,10,1,6,2,8,3,10
10704,25,4,7,6,5,3,7,7,2,9,12,6,9,1,9,6,8
1392,5,6,10,8,8,9,7,6,6,4,8,7,8,4,10,8,11
7580,24,3,5,5,7,6,8,8,3,2,7,8,9,3,11,7,6
2078,12,10,13,12,7,6,10,2,3,2,10,2,9,8,1,2,8
1283,7,3,9,4,6,2,7,8,15,1,7,4,8,3,8,0,8
8051,24,7,9,7,7,5,6,8,1,8,8,9,5,4,11,6,4
9060,0,4,9,6,6,2,7,7,3,0,7,0,8,3,7,1,8
11156,21,4,8,6,6,7,7,7,4,1,8,7,9,7,10,4,7
14682,15,6,9,8,7,4,7,10,5,4,12,5,3,1,10,3,9
13419,3,7,12,7,7,5,9,6,4,7,10,5,7,6,8,8,6
1618,2,3,7,4,5,2,3,9,6,7,11,11,11,1,8,2,6
2443,2,9,14,6,8,3,7,8,7,7,11,6,7,2,9,6,8
13844,3,4,6,6,5,5,6,8,5,7,6,5,7,4,7,5,5
2865,5,9,14,8,8,6,9,8,3,5,12,4,5,5,7,8,9
2597,14,5,5,6,7,3,7,7,9,8,7,5,7,3,8,4,8
11014,9,3,11,5,8,5,8,7,1,6,11,5,9,1,6,1,6
12966,18,4,7,5,5,2,6,9,4,7,10,7,7,2,8,5,5
15251,15,5,11,5,8,4,3,13,7,1,11,6,3,0,10,3,8
4869,19,5,7,7,6,6,5,8,3,8,7,7,9,3,7,7,5
5466,21,6,11,6,8,3,2,12,5,4,11,12,8,3,9,1,8
4774,17,6,11,6,6,5,7,8,3,6,8,3,8,6,6,6,7
1618,2,3,7,4,5,2,3,9,6,7,11,11,11,1,8,2,6
558,4,3,8,4,6,4,6,7,5,8,7,5,10,3,8,5,9
2637,24,5,8,5,6,3,5,8,0,8,9,9,6,1,10,3,4
15299,19,8,11,8,8,7,6,11,3,7,11,9,5,5,11,4,3
10630,6,7,11,6,6,3,9,4,4,3,8,3,5,4,7,4,9
9351,25,4,6,6,4,4,7,8,2,8,12,7,8,1,9,6,7
11304,17,7,13,7,8,5,10,5,2,5,9,4,8,6,8,6,9
7992,14,7,11,9,8,11,8,9,6,2,7,7,8,9,9,6,12
11934,6,6,10,7,8,9,8,6,4,4,6,5,9,7,7,8,13
5238,13,7,9,9,8,9,8,7,5,4,7,5,7,7,9,6,5
3341,15,3,6,3,4,2,3,12,6,1,11,7,4,0,9,3,8
7489,21,5,10,5,5,3,10,9,4,5,8,8,5,3,10,2,8
12864,12,5,6,5,8,4,7,7,12,2,7,9,8,8,6,0,8
10097,8,1,11,0,8,0,7,7,4,4,7,6,8,0,8,0,8
10376,3,5,10,6,7,5,5,7,9,7,6,5,4,3,8,5,10
8772,15,4,9,6,7,4,7,10,4,5,12,5,3,1,10,4,8
8672,14,5,10,6,7,4,8,7,8,5,10,6,8,3,8,3,7
6032,16,8,14,7,8,4,8,6,4,10,10,3,10,3,6,9,9
3222,19,3,8,5,6,3,6,12,4,7,9,12,7,2,12,1,7
10895,11,8,14,6,8,4,5,5,3,8,10,4,13,3,6,6,7
5126,16,4,7,5,9,5,9,7,7,3,5,7,10,3,8,7,10
1819,4,3,9,4,6,2,3,7,6,11,7,6,15,0,8,7,7
11926,18,4,9,5,6,3,9,9,6,10,5,5,5,0,7,9,7
6076,16,4,5,6,7,6,9,9,5,0,5,7,10,6,13,5,12
13867,18,4,9,4,7,4,7,7,5,8,5,6,10,1,10,9,9
4472,10,4,7,6,5,4,6,7,1,6,10,7,10,3,8,3,8
10703,0,8,15,6,8,4,9,3,3,2,8,4,11,6,4,5,8
12957,14,4,8,6,6,4,7,8,8,6,7,7,8,2,8,3,8
10804,22,7,12,7,6,5,4,8,1,3,8,9,8,9,10,2,5
5940,23,4,6,7,4,4,7,7,1,8,10,6,8,2,8,3,8
2048,17,5,11,7,8,10,6,7,3,4,6,6,9,7,10,8,6
1922,22,3,7,5,5,7,9,5,5,2,7,6,8,5,10,2,5
7497,25,6,10,8,8,6,8,7,2,9,12,5,8,1,7,6,8
13620,2,3,9,4,7,2,5,7,7,9,6,6,13,1,7,4,8
6046,23,4,10,6,8,4,7,8,3,9,6,5,6,4,10,8,6
5537,13,5,7,7,5,4,7,9,2,5,10,5,6,5,9,1,7
11714,10,4,8,6,7,5,9,6,2,3,8,3,8,5,7,6,11
7213,3,5,9,5,4,3,7,7,4,6,10,6,7,5,9,6,5
1206,15,9,10,7,5,3,6,12,6,4,13,5,3,4,10,4,8
10517,18,5,10,6,8,3,10,6,4,8,11,3,8,2,8,5,11
10821,13,4,9,5,7,5,7,7,13,1,7,6,8,5,8,0,7
5842,8,3,10,4,7,3,8,7,0,7,13,6,8,0,8,1,8
11246,3,4,10,6,8,5,8,7,7,7,9,4,5,3,8,4,9
4259,12,3,7,5,5,5,9,6,6,4,6,7,6,7,5,2,6
9170,13,10,15,9,8,4,7,10,5,5,4,5,11,6,11,3,7
15695,15,6,7,8,9,10,9,9,3,2,6,8,7,6,10,6,4
3294,11,7,15,6,8,3,8,4,3,6,11,4,12,2,7,6,9
4144,9,2,6,4,4,1,10,6,2,7,15,4,7,0,7,0,8
8063,12,8,10,8,5,4,5,9,5,5,4,4,11,9,11,2,7
4836,7,4,8,6,10,7,9,10,3,1,8,7,6,3,10,8,7
3358,14,5,10,5,8,4,8,7,8,5,10,5,8,3,8,3,8
11603,7,3,7,5,5,4,8,7,6,6,7,6,9,6,8,3,8
11595,15,4,5,5,8,2,3,13,8,2,11,7,3,1,10,4,8
5219,15,7,12,6,6,3,8,9,7,5,14,4,4,4,10,4,7
2598,1,9,12,8,7,7,7,8,4,5,9,6,7,8,5,9,7
6443,6,6,9,8,7,8,7,8,6,2,6,5,11,6,8,10,6
13133,3,5,9,8,6,6,9,8,4,6,11,5,5,4,7,4,9
2871,24,6,9,5,4,2,5,9,4,4,11,9,6,4,10,4,4
6056,6,5,8,6,6,4,6,6,6,5,6,6,10,2,9,4,8
8217,22,5,8,7,6,5,4,11,2,3,8,9,9,8,10,1,8
11705,11,1,0,1,0,0,2,2,5,4,1,2,6,0,8,0,8
2524,1,3,8,5,6,5,9,7,4,5,10,5,7,2,8,5,9
697,4,6,8,8,6,5,4,9,4,9,11,10,9,2,9,4,5
9401,16,7,9,10,8,8,5,4,4,5,4,4,7,4,8,6,6
6499,2,3,7,4,5,3,5,8,6,6,8,8,14,2,9,4,10
8952,24,5,6,5,4,2,3,10,2,7,11,11,6,1,11,2,4
5643,25,7,9,7,5,4,9,4,3,8,12,5,10,3,8,6,8
1230,14,8,13,6,8,3,7,7,5,5,8,4,7,5,9,5,8
11046,6,5,9,4,5,3,7,9,4,3,8,6,5,3,10,9,7
15365,12,5,5,7,4,6,9,8,4,5,6,6,7,8,6,6,5
12936,20,5,10,6,7,2,7,4,14,5,7,14,8,3,9,0,8
10662,11,3,8,4,6,1,0,1,6,6,0,0,6,0,8,0,8
4825,2,5,10,5,7,3,3,8,5,7,11,10,13,1,9,3,8
6029,4,3,8,5,6,5,6,7,3,6,7,7,11,4,10,9,8
881,10,6,11,8,8,7,6,6,4,7,6,6,11,5,7,8,10
14474,10,4,8,6,6,6,7,7,4,4,7,5,7,4,6,9,10
11239,20,6,10,9,8,11,9,7,4,5,6,7,7,9,7,6,6
2395,3,6,9,6,5,3,8,6,5,5,10,4,6,4,7,6,10
11176,17,3,7,4,5,2,6,12,8,4,7,2,9,3,7,5,10
11718,15,11,15,9,8,4,6,10,6,3,11,4,4,5,10,4,7
14601,4,4,7,6,5,5,10,6,1,7,11,4,8,3,8,5,11
14414,17,4,7,6,5,4,7,8,5,7,7,4,7,3,6,5,8
11337,7,9,15,8,8,5,11,7,4,5,9,3,4,6,8,4,8
3740,4,6,11,8,8,7,10,6,1,8,11,4,8,4,7,5,11
3289,19,4,11,6,8,6,9,11,3,7,5,12,8,2,12,1,9
3384,11,5,9,6,7,5,5,6,5,6,6,5,9,8,7,4,10
3952,25,4,7,4,5,3,7,7,6,11,6,6,8,1,8,8,8
12700,1,5,11,6,8,8,8,7,5,6,7,6,5,3,8,6,9
8930,18,7,11,10,8,12,8,9,5,4,8,5,7,7,8,13,9
10398,8,4,10,5,7,3,7,7,0,7,13,6,8,0,8,1,8
6872,12,6,10,8,7,6,11,5,3,4,9,3,6,8,6,2,9
1875,18,5,8,6,6,4,8,8,4,8,10,4,6,2,7,5,8
10160,23,5,8,7,6,5,8,5,3,5,7,7,9,4,8,10,9
3680,18,4,5,5,7,3,8,8,6,9,5,6,7,0,8,9,8
7574,9,2,3,2,5,1,13,3,8,4,13,4,12,1,6,0,8
14333,1,3,8,5,6,5,8,8,5,4,7,5,5,3,8,6,5
10272,1,7,10,5,6,4,6,7,5,5,10,6,8,5,7,8,9
12745,16,5,8,5,10,6,8,7,6,3,8,9,11,3,8,6,8
12503,15,4,8,6,6,5,6,9,7,4,9,7,4,2,10,3,7
8734,9,3,6,5,4,2,10,6,1,7,14,3,7,0,8,0,8
3303,16,4,6,6,9,3,7,6,8,6,5,7,8,3,8,5,9
13579,11,3,8,5,6,6,7,7,3,5,6,7,10,6,11,6,6
552,12,13,15,13,8,7,3,8,6,6,4,2,13,9,11,2,8
262,25,7,13,7,7,5,6,7,2,9,11,6,8,4,5,8,6
13028,12,5,5,8,3,4,10,6,3,5,9,5,7,10,6,2,8
14877,18,5,11,6,8,4,8,7,3,6,10,7,9,2,10,5,8
15721,23,5,11,8,8,4,10,7,2,9,11,1,6,3,8,4,9
1228,7,4,8,6,6,8,7,6,5,3,6,6,8,7,7,9,9
7202,24,4,7,4,5,1,3,12,4,5,13,11,5,1,11,1,6
15612,24,5,7,5,5,2,2,12,4,5,13,11,6,1,11,1,6
14051,11,4,8,6,6,4,8,4,1,8,9,3,10,1,6,3,9
12221,2,7,10,9,8,6,6,8,8,6,5,6,13,6,8,5,6
15836,6,5,11,7,8,6,7,6,7,8,6,5,8,2,10,8,12
7929,6,4,6,6,4,5,7,9,6,3,6,6,10,4,7,7,7
6072,12,6,11,8,8,11,7,8,6,4,7,6,8,6,9,8,8
11874,22,5,7,7,6,9,6,8,6,5,6,6,8,8,9,8,8
6943,4,5,8,7,6,5,7,7,2,7,11,6,9,3,7,5,9
9472,24,4,7,6,9,9,9,6,6,3,7,7,8,7,9,6,5
654,6,10,15,9,8,5,8,4,5,4,9,4,5,4,7,5,8
14308,11,4,8,5,7,4,6,7,4,6,7,6,8,3,9,8,10
5972,3,3,9,5,7,8,9,6,5,5,7,5,5,4,7,11,6
7239,2,5,6,6,5,5,5,6,3,6,7,7,11,5,11,7,8
4299,20,5,7,5,5,3,3,9,5,6,11,11,9,3,9,1,6
2869,7,4,7,6,5,5,7,7,2,6,10,6,8,3,8,3,8
14696,18,7,10,9,8,5,7,8,4,9,11,5,6,2,6,5,8
14013,23,7,13,7,7,4,7,7,2,9,9,5,8,4,7,4,8
7140,23,4,11,5,8,2,7,7,5,4,7,6,8,3,8,4,8
669,15,5,4,5,6,3,4,12,9,3,10,6,4,1,10,4,8
13037,6,4,9,5,7,6,9,5,5,2,7,6,10,7,8,5,10
4465,1,5,10,8,8,11,8,7,5,3,6,7,7,7,10,9,9
3981,23,5,10,7,8,5,8,7,3,9,5,6,9,5,7,9,8
3585,23,6,9,9,6,4,5,8,2,8,11,11,9,3,9,4,5
13787,16,5,9,7,7,6,8,3,8,4,6,6,7,3,8,3,8
14484,19,10,14,8,8,3,4,12,3,8,12,8,4,2,9,3,4
8629,19,8,15,7,8,3,6,9,3,8,13,6,6,2,8,5,5
13345,5,3,4,3,5,1,1,12,5,4,11,10,7,0,8,3,6
2709,18,3,8,4,6,3,8,7,8,6,8,6,7,2,8,9,8
10957,14,5,7,6,5,7,8,7,5,1,7,6,8,8,8,5,10
7589,23,6,8,8,6,6,7,6,3,5,7,6,11,4,6,10,8
8798,1,3,6,5,4,6,9,7,4,3,6,7,7,7,9,7,7
3727,14,4,8,5,6,4,7,8,8,4,7,7,8,3,8,3,8
11551,17,4,7,5,5,4,7,8,6,6,6,5,8,3,6,6,9
11696,11,6,12,5,7,3,10,2,4,4,13,4,12,2,7,6,9
69,7,8,12,8,6,4,9,8,4,5,8,4,5,6,9,5,9
4087,12,4,7,7,5,9,8,7,3,3,8,4,7,10,5,2,6
14089,2,3,7,4,5,2,7,7,7,10,8,6,14,1,9,4,9
2399,22,4,8,7,6,4,7,10,2,3,7,9,8,8,11,1,8
14204,25,4,6,6,4,3,6,9,3,9,11,9,6,1,9,6,5
7524,15,5,8,7,6,5,8,10,5,4,11,4,3,1,10,3,8
2727,11,2,3,2,5,1,0,1,5,6,0,0,7,0,8,0,8
14186,13,7,11,9,6,4,5,8,2,4,12,7,9,6,8,0,7
12252,24,4,8,6,6,3,7,9,1,7,6,12,9,2,11,2,8
9229,9,6,7,4,10,3,10,6,3,4,11,3,5,3,8,7,10
9424,24,6,11,6,8,2,3,12,5,6,13,12,6,2,11,2,6
281,12,6,10,9,8,8,7,7,2,4,9,7,8,8,6,2,8
11265,10,6,9,9,6,5,9,6,2,7,10,3,8,6,8,6,10
13113,1,4,8,5,6,5,8,8,4,4,7,5,7,4,8,5,7
8455,4,5,7,7,6,7,7,6,6,4,7,6,9,8,10,10,10
65,11,2,3,2,4,1,0,1,5,6,0,0,6,0,8,0,8
2605,13,6,7,8,5,4,9,7,3,5,10,2,5,5,9,1,7
3609,19,3,9,4,6,3,10,10,1,8,5,11,8,1,10,1,8
5500,24,4,4,5,6,6,9,8,5,3,7,8,7,6,10,6,4
11304,17,7,13,7,8,5,10,5,2,5,9,4,8,6,8,6,9
3157,17,5,9,7,7,6,6,8,6,6,6,5,8,3,6,6,9
7478,20,3,6,4,4,2,7,4,14,5,7,13,8,3,9,0,8
7147,23,10,14,9,8,5,7,7,2,10,9,6,8,4,6,4,8
5304,18,3,8,4,6,2,8,7,5,9,5,6,7,0,8,9,8
15842,15,6,9,8,6,5,9,8,5,6,12,4,4,5,9,5,7
4840,0,5,8,8,7,7,7,7,2,5,7,9,10,5,11,3,7
1455,10,5,9,7,8,8,8,8,2,5,8,3,8,5,4,4,10
2023,10,5,10,6,7,2,4,7,9,2,7,6,12,3,8,3,11
4269,20,6,10,6,6,4,7,6,5,5,7,8,9,5,8,3,8
653,10,5,9,7,7,8,7,9,5,5,8,5,7,7,6,8,12
1884,12,5,2,6,4,4,9,6,7,4,6,7,5,10,5,3,5
10381,12,8,9,11,8,13,8,7,5,5,7,6,7,13,9,8,2
2539,0,5,6,7,5,5,8,8,3,4,7,8,8,5,9,3,6
15416,15,4,5,5,6,6,6,8,5,2,7,7,6,6,11,5,7
3519,7,7,9,10,7,8,10,6,3,6,10,3,8,5,7,5,9
485,18,6,9,5,5,2,8,4,4,5,9,2,8,3,6,5,8
2288,1,4,8,6,6,4,11,6,3,7,11,3,7,2,8,5,11
10640,4,5,8,7,6,5,7,7,2,7,11,6,9,3,8,4,9
1727,15,4,9,6,6,4,5,10,6,5,10,8,3,1,10,4,6
7871,21,6,9,8,8,9,8,7,5,5,7,6,8,8,8,10,3
4621,5,3,7,5,5,2,5,12,4,6,12,9,4,1,10,3,4
15054,11,5,10,7,8,5,7,4,1,8,8,2,10,0,6,3,8
3714,15,4,6,6,4,3,6,13,7,2,11,5,2,1,10,4,7
9190,13,8,15,10,8,5,5,9,3,4,13,10,9,6,9,0,8
3463,9,5,9,6,7,5,8,7,6,5,8,7,7,3,6,4,6
7773,16,5,7,6,9,6,9,10,6,3,4,8,12,3,10,8,12
9869,15,8,11,8,6,5,9,8,4,4,12,4,4,5,10,6,7
5434,15,5,11,8,8,6,8,9,3,5,13,5,4,4,10,4,8
3363,13,4,6,6,5,5,7,7,4,4,6,5,8,6,8,4,6
9174,10,5,7,8,5,4,3,7,2,7,10,11,12,3,8,4,5
12012,6,4,7,5,5,3,7,6,7,7,7,5,11,2,9,4,8
11199,20,5,7,5,5,2,4,8,6,8,9,9,9,3,9,2,4
8240,21,8,12,6,6,3,8,11,4,5,5,10,6,4,10,3,5
10114,11,5,7,7,5,5,6,6,8,6,5,6,9,2,8,4,10
9038,24,6,7,6,5,3,3,10,2,7,10,11,6,1,11,2,5
5684,12,4,7,5,5,5,8,7,5,5,6,6,5,8,7,2,6
1130,10,4,8,6,6,7,7,7,3,4,6,6,8,7,7,7,7
3604,17,12,15,9,8,5,9,6,6,5,10,2,8,7,6,6,11
2277,24,7,6,6,9,4,6,8,4,2,7,10,5,4,10,5,6
9309,24,3,5,5,7,7,8,4,4,3,7,8,8,5,9,5,8
15632,20,5,9,5,6,2,7,4,14,6,7,14,8,3,9,0,8
4424,10,6,9,7,4,3,5,8,3,5,9,9,10,5,10,3,6
8868,7,6,10,7,5,4,7,8,3,5,10,7,8,6,9,5,7
10369,8,1,10,0,7,0,7,7,4,4,7,6,8,0,8,0,8
15334,21,5,7,7,6,7,6,9,6,6,8,7,8,5,9,6,11
3968,9,4,11,6,9,5,7,7,1,6,11,5,9,1,6,2,5
6508,3,6,9,8,8,7,6,7,5,8,7,5,8,5,5,7,4
3242,10,4,9,6,7,8,7,9,3,5,5,6,8,8,9,8,7
3158,24,3,5,5,8,7,8,7,4,2,6,8,9,4,11,7,8
3052,19,4,7,6,5,6,5,8,4,6,7,6,10,5,8,5,7
13460,15,3,4,5,6,5,8,9,3,2,7,8,6,5,10,5,5
9673,9,4,10,5,8,2,6,8,2,7,15,7,9,1,6,1,7
9570,3,5,10,5,5,4,9,6,3,6,10,4,7,5,8,7,7
9351,25,4,6,6,4,4,7,8,2,8,12,7,8,1,9,6,7
5657,20,3,7,5,5,4,8,9,8,5,4,7,11,3,7,3,7
51,11,3,6,3,4,1,1,0,6,6,0,1,5,0,8,0,8
505,14,4,7,5,5,3,8,6,8,5,10,6,9,3,8,3,8
14202,5,5,11,5,8,4,1,12,4,5,12,11,8,0,8,1,6
7770,1,5,9,8,8,9,7,8,5,4,7,6,8,7,9,8,6
2557,13,6,8,9,6,5,4,10,3,4,10,10,8,5,8,1,8
2863,4,3,9,5,7,4,7,7,6,9,6,4,9,2,8,6,9
8244,1,6,12,6,7,5,9,7,3,5,9,5,7,6,7,8,9
10720,15,6,9,8,6,7,6,8,7,4,8,7,9,2,9,7,9
10532,20,7,9,8,7,5,6,6,6,9,8,6,8,4,8,4,3
5895,15,4,12,4,8,3,4,11,10,3,9,6,4,2,10,4,8
15813,12,11,12,11,6,5,7,10,5,4,4,5,11,11,13,2,7
10544,6,4,8,5,6,3,6,6,7,7,10,7,11,2,11,4,9
11005,8,6,15,4,8,3,11,5,4,5,12,2,7,3,8,5,10
3800,3,5,8,5,6,5,6,7,9,8,6,5,6,2,8,3,7
263,5,5,11,7,8,6,7,9,3,6,12,7,6,3,9,2,7
2515,14,4,8,6,6,2,6,7,8,8,7,6,7,3,8,4,8
7242,22,11,15,11,8,5,2,9,3,2,9,11,9,9,12,0,6
8872,17,6,9,8,6,7,8,6,6,4,8,5,7,4,7,7,11
62,4,6,9,4,4,2,7,7,4,7,10,6,10,1,9,7,9
5089,11,3,4,4,6,1,0,0,6,6,0,1,5,0,8,0,8
776,19,5,11,6,8,8,7,8,4,5,6,7,9,7,7,8,7
908,19,3,8,5,6,3,7,12,4,6,8,11,7,2,12,1,7
10288,18,7,15,6,8,3,9,5,4,4,13,6,9,2,9,3,8
12337,10,5,9,8,7,9,8,6,3,5,6,6,8,8,6,9,5
13102,13,7,9,9,7,4,7,8,3,5,10,7,7,6,9,1,7
93,14,6,7,8,6,6,6,6,5,6,8,5,8,3,6,5,6
6093,4,3,8,3,6,2,3,7,6,10,7,6,14,0,8,7,8
12139,14,6,10,6,7,4,9,6,8,6,9,4,7,3,8,4,8
5076,15,3,10,4,8,4,4,12,7,2,10,7,4,1,10,3,8
3093,11,5,9,6,6,5,6,7,7,5,6,6,9,6,8,5,11
4712,18,9,15,8,9,4,11,2,4,5,11,2,10,3,6,5,12
9598,17,4,9,6,7,8,7,9,3,5,5,6,9,5,8,8,7
1099,5,6,7,8,8,8,7,9,4,5,7,7,6,5,9,9,9
13369,2,4,9,5,6,2,6,8,7,10,4,6,14,1,7,4,9
13639,9,3,5,4,8,2,11,3,11,3,12,8,13,1,6,0,8
14746,3,4,11,4,8,3,5,7,11,8,7,6,5,3,8,4,8
9338,0,4,11,8,8,6,9,5,1,4,7,2,6,3,8,6,6
15945,9,6,7,8,8,7,8,8,5,7,7,5,8,4,10,10,8
5889,2,6,10,5,5,3,7,8,4,3,9,8,9,4,9,9,11
8858,0,5,10,9,8,7,11,5,1,5,9,1,5,3,7,5,9
1621,17,7,11,10,8,11,5,8,3,5,6,5,10,8,9,9,6
7491,20,4,9,5,6,2,7,4,15,6,7,13,8,3,9,0,8
4243,23,6,9,8,8,8,8,7,2,5,7,6,7,4,9,8,8
12088,2,5,9,6,6,3,4,8,6,8,12,10,12,2,9,3,7
8871,9,4,8,5,6,2,8,5,4,6,15,6,11,1,6,0,7
9524,8,4,7,5,5,3,8,4,2,6,7,7,7,1,10,4,7
14822,10,3,8,5,6,3,5,7,5,7,6,6,11,3,8,5,9
14867,2,4,9,6,7,2,6,6,7,11,9,5,13,1,10,4,9
8613,6,4,9,5,6,4,6,7,6,5,9,7,11,2,9,4,10
9017,15,4,6,6,4,3,7,10,5,3,11,4,3,1,10,3,9
11673,12,9,14,11,8,7,6,4,3,2,8,4,10,10,1,1,8
5367,7,12,15,11,8,6,8,7,4,5,9,7,7,7,10,5,9
11145,11,4,9,5,7,4,7,4,1,7,8,2,9,1,6,2,8
9874,1,5,9,7,7,6,8,8,4,7,10,5,6,2,8,6,10
10288,18,7,15,6,8,3,9,5,4,4,13,6,9,2,9,3,8
3350,17,4,7,6,5,6,6,8,3,4,6,6,9,6,10,7,5
10020,18,10,15,8,8,4,9,3,4,5,10,2,9,4,5,6,10
7059,19,5,10,7,7,6,6,7,7,7,7,10,9,4,6,8,7
1919,3,5,10,6,8,6,7,7,7,7,7,6,5,3,8,3,7
1416,23,4,9,7,6,4,7,7,0,8,9,6,8,2,8,3,7
5176,5,5,6,6,7,6,6,12,3,5,9,7,6,4,9,5,6
7422,24,5,9,8,7,4,5,9,1,7,9,12,9,1,11,2,7
8342,4,7,15,5,8,3,7,8,5,8,10,6,10,1,9,7,8
8122,25,5,9,7,7,5,9,11,6,5,6,5,8,3,8,10,7
6881,23,9,13,9,7,5,8,7,2,8,11,4,7,4,9,4,7
7805,18,5,8,7,6,4,6,8,3,7,10,6,7,3,7,5,6
2083,16,6,15,6,8,4,7,5,5,8,9,5,8,3,7,9,9
6309,16,4,7,5,5,5,8,7,7,4,6,8,8,4,5,6,9
12262,3,3,9,5,7,8,9,8,5,4,7,6,6,4,7,8,6
14550,24,5,8,5,6,3,3,10,2,7,11,11,6,1,11,2,5
13044,15,5,5,5,7,3,4,13,9,2,10,6,3,1,10,4,8
1391,15,8,11,7,6,4,8,9,4,4,12,4,4,4,10,5,7
8814,20,10,13,9,7,4,6,4,5,5,4,8,7,6,7,2,7
12091,13,10,14,9,8,4,8,10,5,5,4,5,10,6,10,3,7
1056,10,11,15,10,8,4,7,8,3,8,9,7,8,6,8,4,7
9249,11,3,11,5,8,3,4,4,4,8,2,0,6,0,6,1,5
7251,19,5,12,5,6,3,7,9,2,6,11,6,6,2,9,5,5
12958,21,5,9,5,6,3,3,10,3,4,10,12,8,3,10,1,7
5653,18,4,9,6,6,7,5,8,3,1,7,6,5,3,8,9,1
6917,11,2,7,2,5,1,0,1,5,6,0,0,7,0,8,0,8
12979,3,9,15,8,8,6,8,6,3,7,10,5,7,6,8,9,6
4493,16,6,6,8,6,6,8,3,4,5,7,3,9,5,5,6,8
2172,22,3,7,5,5,3,11,8,5,1,6,9,8,7,10,0,8
9833,12,5,8,8,6,5,10,5,3,5,9,4,7,8,6,2,9
3550,3,3,8,5,6,7,9,8,4,4,7,6,6,4,7,7,6
8174,10,5,7,8,5,5,7,6,1,7,10,6,10,4,7,4,9
8188,11,4,11,4,8,3,0,2,4,6,1,0,8,0,8,0,8
239,15,7,10,6,5,4,10,7,4,4,12,4,5,4,11,5,9
521,10,6,11,9,8,8,7,6,1,6,10,5,9,7,7,6,9
1439,0,5,8,8,7,7,8,7,2,5,7,8,8,5,10,3,6
4643,19,6,9,6,6,5,6,11,4,6,11,9,5,3,12,2,4
5423,15,5,9,6,7,5,7,9,5,6,9,8,4,5,10,5,7
7052,15,4,6,4,8,3,5,9,10,5,8,6,5,2,10,4,8
12863,9,3,9,5,7,3,9,5,3,6,15,4,10,0,7,1,7
6357,3,9,15,9,8,5,8,6,5,7,12,3,7,6,7,6,10
2467,3,6,9,8,6,5,10,6,4,7,10,4,6,5,9,5,8
10947,25,4,9,5,7,5,7,8,5,9,7,7,8,1,8,7,8
3576,19,8,10,8,7,6,6,11,4,6,11,9,5,3,12,2,4
363,12,8,10,11,8,8,9,6,2,5,9,6,7,8,6,2,8
10740,12,9,9,13,8,14,6,6,5,4,6,5,8,15,11,7,9
9574,2,8,14,6,8,3,6,9,6,9,11,8,10,2,8,5,8
2958,14,7,9,9,8,6,5,7,6,8,9,7,8,4,5,6,5
11619,3,3,7,5,5,7,10,8,4,5,7,6,6,4,7,7,5
1350,8,3,10,5,7,2,7,7,0,9,14,6,8,0,8,1,8
3579,20,6,10,6,5,4,8,5,5,5,6,8,7,4,9,3,7
9419,7,4,5,6,7,6,7,8,4,1,8,6,6,4,10,8,5
14924,13,6,11,8,8,5,7,8,6,6,7,7,5,7,10,3,4
70,16,5,10,5,5,4,9,6,5,6,10,6,7,4,8,9,9
515,24,5,11,6,8,2,3,11,3,8,13,11,5,0,10,2,4
6392,8,4,11,7,8,8,10,7,2,5,9,4,4,4,9,7,5
3593,6,3,8,5,6,4,6,6,6,5,5,7,10,2,8,4,9
15729,3,5,8,7,6,5,7,7,8,5,7,7,4,4,8,4,8
8448,11,6,15,6,8,3,7,3,3,5,12,4,13,2,7,6,8
15226,15,3,8,3,6,3,5,11,8,2,9,5,4,1,9,3,7
7722,8,8,14,5,8,3,10,4,4,7,11,2,7,3,7,5,11
9023,2,4,9,5,6,3,5,8,7,7,8,8,14,2,9,4,10
935,12,4,7,6,5,5,6,6,2,4,9,8,9,7,5,2,7
7754,13,5,8,7,6,4,4,9,4,4,10,9,9,5,7,1,7
3604,17,12,15,9,8,5,9,6,6,5,10,2,8,7,6,6,11
372,10,6,10,8,8,8,6,7,5,3,7,5,8,5,7,10,8
1205,12,7,10,9,8,8,8,6,6,5,6,8,8,9,6,2,7
1887,5,4,8,6,6,4,7,9,2,6,13,6,5,2,10,2,8
8245,17,4,8,6,6,5,9,7,4,5,9,3,8,3,7,4,11
15827,1,4,4,5,7,4,6,6,9,7,6,6,7,2,8,9,10
10296,18,9,15,7,8,4,7,5,5,6,8,2,8,4,6,6,8
11043,4,4,7,5,5,5,7,7,5,8,6,5,9,3,8,6,9
9604,7,5,9,6,7,7,7,7,6,6,7,6,8,3,8,3,8
14301,9,1,3,2,5,1,11,3,9,3,13,7,13,1,6,0,8
11411,10,8,15,8,8,4,6,8,3,7,9,7,9,6,9,3,7
7956,18,5,9,6,7,3,7,5,6,10,5,6,10,0,9,9,8
11093,4,4,5,5,8,3,3,7,6,11,7,6,15,0,8,7,7
3777,16,3,5,4,6,4,9,8,7,2,4,7,11,3,9,6,10
6186,24,9,15,8,8,5,8,6,4,5,9,8,5,4,10,4,4
5070,15,3,5,5,7,6,8,11,3,1,8,8,6,6,10,4,6
3830,18,6,12,5,6,2,10,2,1,5,9,1,8,2,8,4,11
13167,16,4,5,5,7,3,9,8,8,6,5,8,10,3,8,5,9
4033,5,8,15,7,8,5,8,10,3,5,12,5,4,4,9,7,7
8535,8,5,7,6,5,3,7,6,2,7,7,6,8,0,9,4,8
7574,9,2,3,2,5,1,13,3,8,4,13,4,12,1,6,0,8
12466,4,5,5,5,7,3,3,7,6,12,7,6,15,0,8,7,6
5340,18,8,15,6,9,3,8,4,4,5,8,2,8,4,6,6,9
14313,15,4,7,4,5,2,4,12,8,2,10,6,4,1,10,4,8
4712,18,9,15,8,9,4,11,2,4,5,11,2,10,3,6,5,12
13189,9,2,9,3,6,2,9,6,2,7,12,4,8,0,6,2,6
10226,16,3,5,4,7,4,8,5,6,3,9,5,11,3,8,4,8
4479,12,4,7,5,5,6,7,7,7,4,6,5,8,6,9,7,8
8468,20,9,15,8,8,6,8,6,5,5,7,7,6,7,5,5,4
11603,7,3,7,5,5,4,8,7,6,6,7,6,9,6,8,3,8
10817,11,3,9,3,6,1,0,1,5,6,0,0,7,0,8,0,8
367,20,4,9,4,6,4,7,5,13,5,7,10,8,3,9,0,8
10125,5,3,9,5,7,3,4,11,3,6,11,10,5,1,10,2,5
10853,10,6,9,9,6,5,5,7,2,8,10,9,11,4,7,4,7
10288,18,7,15,6,8,3,9,5,4,4,13,6,9,2,9,3,8
13028,12,5,5,8,3,4,10,6,3,5,9,5,7,10,6,2,8
411,21,8,15,8,8,5,5,8,5,4,8,7,6,6,12,3,8
5470,22,7,7,10,6,10,8,8,5,5,7,5,8,9,8,9,6
13033,24,7,9,8,7,4,3,10,2,7,10,12,7,2,11,2,6
2082,4,4,9,6,7,5,5,9,3,7,11,9,9,3,9,4,6
265,12,6,5,8,4,7,6,9,5,3,6,4,8,13,8,5,7
14545,3,4,9,6,7,4,9,7,5,7,10,4,5,3,8,3,8
14647,4,5,4,5,6,3,3,7,6,11,7,6,15,0,8,7,7
9605,10,3,7,4,5,3,3,7,6,3,7,6,11,3,8,3,11
643,16,5,9,5,11,7,8,7,6,2,8,7,10,3,8,5,8
1573,22,4,4,6,6,3,8,8,4,1,7,8,8,8,9,0,8
6104,6,5,11,7,8,5,5,6,6,7,6,6,8,4,7,4,7
2651,25,4,9,6,7,6,7,9,3,8,7,6,8,2,10,13,6
4149,3,10,15,9,8,5,7,6,5,6,9,4,5,5,8,6,9
10331,25,5,9,5,4,3,6,7,2,8,11,8,9,3,8,5,5
5726,1,4,7,6,5,4,8,8,4,6,10,5,6,2,8,6,8
14864,13,4,8,5,6,5,6,6,7,5,6,5,7,3,7,3,8
5569,21,6,8,6,6,3,3,12,4,4,10,12,7,2,10,1,8
1306,23,3,7,5,5,4,7,7,3,8,5,6,8,2,8,6,8
10400,18,6,11,6,6,3,9,6,4,3,13,7,9,3,10,3,8
15699,17,5,9,7,6,7,9,7,6,3,8,5,6,5,6,8,10
7505,20,4,7,6,5,8,8,8,4,4,6,7,8,7,8,5,8
15277,17,9,15,9,8,7,9,7,4,6,9,2,7,6,5,7,7
7448,1,4,9,4,4,3,10,6,3,4,9,4,8,6,7,7,10
5666,15,7,9,9,7,5,7,12,8,3,10,5,3,2,11,5,8
11454,9,2,8,3,6,2,10,7,0,7,11,3,6,0,7,1,7
5108,0,4,8,5,6,3,7,5,2,0,7,1,8,2,7,1,8
7509,17,4,8,6,6,4,8,8,4,6,9,3,8,3,6,4,11
1488,6,7,15,6,8,5,8,7,4,4,8,6,7,4,9,9,8
11718,15,11,15,9,8,4,6,10,6,3,11,4,4,5,10,4,7
10322,13,5,8,7,6,4,7,8,6,5,7,6,5,7,11,3,5
8648,5,9,15,8,8,6,7,11,3,5,12,6,3,5,9,9,6
1230,14,8,13,6,8,3,7,7,5,5,8,4,7,5,9,5,8
5890,0,8,13,7,7,4,11,4,3,2,8,4,10,5,5,4,9
4441,24,3,7,5,5,2,4,9,1,7,10,12,9,1,10,2,7
5792,14,5,8,6,6,4,8,6,8,5,10,5,8,3,8,3,8
2452,24,9,12,8,7,5,6,6,5,4,9,9,6,5,11,4,6
13198,5,9,13,7,7,4,6,11,3,5,13,6,4,2,8,6,6
11514,9,8,13,6,10,5,11,5,2,5,12,4,8,2,9,6,13
461,9,2,10,3,8,1,14,3,7,5,14,1,10,0,7,0,8
5765,17,5,9,5,4,4,7,8,3,5,8,4,9,5,7,6,7
1014,0,6,14,6,8,4,12,2,3,2,12,4,11,4,4,4,11
6137,0,4,8,6,6,5,9,5,2,5,8,1,6,3,4,3,7
1939,21,6,10,5,5,2,8,10,6,3,7,9,5,6,13,3,7
12976,21,6,8,8,6,5,6,12,3,2,8,10,8,6,11,6,8
4701,7,5,11,6,8,3,7,7,15,1,7,7,8,3,8,0,8
3069,20,6,11,9,8,5,6,8,6,8,7,9,10,3,9,1,8
13837,23,5,11,9,8,8,9,6,3,6,7,5,5,6,10,8,9
3306,9,7,10,4,14,4,7,9,3,4,13,5,5,3,8,7,10
15599,24,4,11,6,8,3,10,10,1,3,6,12,8,1,11,0,8
14997,12,6,8,9,7,10,9,8,5,4,7,6,7,13,10,7,5
913,23,8,15,8,9,4,8,8,2,8,9,7,8,4,12,4,7
6719,19,7,11,7,8,5,5,12,3,6,12,10,5,2,12,1,5
1284,15,11,13,8,7,4,6,12,6,5,14,6,2,4,10,4,8
8832,17,6,11,9,8,8,9,8,4,6,9,3,7,3,6,4,11
8024,13,7,12,8,6,4,12,4,5,3,13,0,7,5,7,0,7
5020,13,4,7,6,5,4,5,9,3,4,10,9,8,5,8,1,8
2021,10,12,15,11,9,5,6,8,3,7,9,9,10,6,10,4,6
9784,11,4,11,6,8,4,5,3,3,9,6,1,8,1,6,3,6
13143,4,5,10,7,8,5,10,7,2,9,11,3,8,3,8,5,12
835,2,6,14,5,8,4,7,8,4,3,9,8,10,4,9,9,11
9484,5,3,7,5,5,3,5,10,4,6,11,10,5,2,9,3,5
14570,17,8,15,8,8,6,8,6,3,5,9,4,8,6,8,6,7
9259,17,7,13,7,7,6,8,7,3,5,9,4,8,6,6,7,6
8777,20,5,5,5,7,2,7,5,14,5,7,15,8,3,9,0,8
1693,23,6,10,9,8,4,5,8,2,9,11,12,10,4,7,4,5
1677,7,4,4,6,6,5,9,9,3,1,7,7,8,4,9,8,8
8468,20,9,15,8,8,6,8,6,5,5,7,7,6,7,5,5,4
11030,5,4,11,5,8,2,1,12,5,4,11,10,7,0,8,3,6
7927,18,5,12,5,6,3,8,6,4,5,13,6,8,2,9,3,7
3678,16,7,8,7,10,6,7,8,6,4,8,9,10,4,8,8,8
9435,2,3,7,4,5,1,6,8,6,9,5,6,14,1,7,4,9
5159,20,6,7,7,5,4,3,8,5,7,10,9,10,3,9,2,5
13952,18,4,7,5,5,2,8,7,5,9,5,6,8,0,8,9,8
6385,11,1,0,1,0,0,2,2,5,4,1,2,6,0,8,0,8
10249,7,5,11,5,8,3,7,6,15,1,7,8,8,3,8,0,8
11337,7,9,15,8,8,5,11,7,4,5,9,3,4,6,8,4,8
14240,11,1,0,2,1,0,2,1,6,5,0,2,4,0,8,0,8
15255,7,4,7,6,5,4,6,8,3,6,10,8,9,3,8,3,7
14162,22,6,8,6,6,4,2,10,2,3,11,11,9,6,10,2,6
14528,4,5,7,6,6,7,7,8,5,4,7,7,10,7,10,9,10
5057,7,10,12,9,7,5,7,7,5,5,8,9,8,7,11,5,9
12230,16,6,6,8,9,9,9,11,4,1,5,8,11,6,14,7,13
4260,20,5,10,6,8,5,6,8,8,5,5,6,12,5,9,7,3
1908,6,5,10,6,8,3,7,6,8,8,6,6,8,2,8,6,11
1411,25,3,3,4,5,2,7,7,4,14,9,6,8,0,8,8,8
14974,12,4,6,6,4,4,11,7,2,4,9,3,6,7,6,2,8
9250,11,2,6,3,4,1,0,1,5,6,0,0,6,0,8,0,8
11699,8,5,15,5,8,3,10,6,2,5,11,4,6,2,9,5,12
11459,22,5,7,5,5,4,3,11,2,2,10,8,7,5,11,2,6
3029,17,3,7,5,5,4,7,8,5,6,8,5,9,3,6,5,11
14194,18,9,15,7,8,4,9,2,2,5,8,1,8,3,7,5,10
11138,5,4,7,5,5,3,6,10,3,5,13,7,5,2,10,2,8
4750,13,8,15,7,8,4,7,9,4,7,4,4,9,5,8,2,8
7299,0,5,7,7,6,6,5,8,3,5,7,8,11,7,9,3,8
8723,25,2,7,3,5,2,6,8,5,9,7,7,10,2,9,8,7
8768,16,5,5,7,8,10,7,5,6,2,6,6,8,11,10,9,13
4577,17,6,10,6,8,4,6,10,10,5,7,5,8,3,8,6,10
4953,8,4,11,6,8,3,7,7,0,8,14,6,8,0,8,1,8
9104,3,5,11,7,8,8,7,7,6,6,6,6,5,6,8,3,7
2049,15,3,6,5,4,3,5,12,6,3,10,7,2,1,10,3,6
6349,22,6,8,6,6,5,6,10,4,3,9,7,6,7,12,3,6
6520,16,5,6,6,8,3,8,6,8,7,6,6,8,3,8,5,9
2744,25,6,12,6,6,4,6,7,2,9,11,7,8,3,7,6,6
3538,12,5,11,6,8,4,9,7,13,2,6,9,8,8,6,0,8
4012,5,6,11,8,8,8,6,10,6,5,9,6,9,3,10,8,10
7366,18,4,6,6,6,6,8,8,5,5,7,7,8,4,10,8,9
8342,4,7,15,5,8,3,7,8,5,8,10,6,10,1,9,7,8
8991,16,5,11,5,6,4,7,7,4,8,11,5,8,3,7,9,10
4476,20,6,10,7,7,4,3,8,5,7,10,9,9,3,9,2,6
332,19,5,6,5,4,2,5,12,3,8,12,9,4,1,11,2,4
6305,6,3,8,4,6,2,7,6,7,7,6,6,10,1,8,6,11
15616,16,5,5,7,8,9,8,8,5,1,6,6,10,7,13,7,13
951,6,5,8,6,6,4,6,7,5,4,9,8,9,2,7,5,9
5124,8,2,8,2,6,2,7,7,0,7,7,6,8,0,8,3,8
2456,15,7,15,7,8,5,6,11,3,5,13,6,3,3,9,5,5
685,1,4,8,6,6,7,8,8,7,6,7,5,6,2,7,7,10
10157,8,1,8,0,6,1,7,7,5,3,7,6,8,0,8,0,8
2892,10,4,8,6,6,4,6,8,4,7,6,5,10,3,8,4,9
6014,23,5,7,7,5,3,8,8,1,8,10,4,7,3,8,3,7
14805,15,12,13,9,8,4,7,9,6,4,11,4,5,5,9,5,8
2664,22,11,14,12,8,7,8,9,3,4,6,9,6,11,8,2,6
5555,22,5,9,7,7,8,8,8,6,3,6,8,8,6,7,4,7
8574,12,6,9,8,5,4,9,3,3,2,9,3,9,8,2,1,9
3822,7,4,10,6,7,10,8,8,5,2,6,6,7,8,9,10,8
6779,9,8,12,6,9,5,7,11,3,3,13,5,4,3,9,9,9
13704,11,3,3,3,5,1,0,1,6,6,0,0,6,0,8,0,8
6053,2,6,6,7,8,3,5,6,7,11,7,5,14,1,9,4,8
11415,20,5,6,5,4,2,4,8,6,8,9,9,9,3,9,3,5
5757,10,4,7,6,5,5,6,6,4,6,6,5,8,7,7,7,9
848,1,9,14,7,8,4,9,6,6,6,11,4,9,6,7,7,10
10538,0,4,11,6,8,4,12,2,3,3,11,1,9,3,7,3,9
9683,8,2,8,5,6,5,9,6,3,5,8,5,5,5,8,5,5
8539,12,6,8,8,6,6,11,6,2,4,9,3,6,8,6,2,8
12838,6,9,14,8,8,5,7,4,6,3,8,5,4,4,8,6,6
8088,3,4,4,5,6,3,5,7,10,9,7,6,5,3,8,4,8
10487,16,5,11,4,6,3,11,4,3,6,9,4,8,3,9,6,13
11347,13,9,12,8,6,3,7,10,5,6,3,4,10,5,9,2,7
11793,10,4,7,5,5,4,7,6,1,6,10,5,10,3,8,4,9
5948,8,3,11,4,8,3,8,6,0,7,13,6,9,0,7,2,8
10102,3,3,8,5,6,4,8,8,4,5,9,5,4,3,8,3,7
6362,15,8,15,8,9,5,8,9,4,4,12,5,3,5,10,6,6
15145,22,6,10,9,8,14,9,7,5,2,7,6,8,11,11,4,8
14282,12,5,9,8,7,8,5,7,3,4,9,9,9,7,5,2,7
8457,14,4,6,5,4,6,8,6,6,2,7,6,8,7,9,3,8
13972,18,10,15,10,8,5,8,6,4,6,13,6,8,4,7,4,8
1111,1,4,6,6,4,5,9,8,3,6,7,6,8,6,8,6,9
15666,14,4,8,6,7,5,7,6,5,5,9,5,8,3,6,5,6
3043,12,5,8,7,6,5,11,5,2,4,9,3,6,7,6,2,8
14164,6,9,15,8,8,5,10,3,3,3,9,3,6,4,7,5,9
15724,7,5,9,6,5,4,8,7,3,5,10,4,8,5,7,4,7
637,5,2,6,2,4,1,1,11,3,6,11,11,9,0,8,1,6
15608,9,2,11,3,8,3,10,7,1,6,11,3,7,1,6,2,6
1963,0,3,8,5,6,3,11,2,3,3,10,2,9,2,6,3,8
2313,22,4,8,7,6,9,9,8,5,2,7,7,7,12,10,4,6
9549,14,6,12,4,6,3,7,8,5,4,8,4,7,5,8,5,8
12229,0,2,8,4,6,2,7,6,3,1,6,0,8,2,7,1,7
2578,9,6,8,8,9,7,8,8,4,7,6,7,7,4,11,11,9
7136,17,4,8,7,7,8,7,8,3,4,7,4,8,6,8,5,6
706,11,7,15,7,8,5,9,3,3,4,12,6,11,3,8,6,9
5938,20,4,8,5,6,2,8,5,13,5,6,15,8,3,9,0,8
8722,14,4,8,5,6,4,8,7,7,4,7,6,6,4,8,3,8
11116,17,5,8,7,6,5,8,7,6,6,8,6,8,3,8,6,11
1788,18,3,8,4,6,2,7,6,6,10,5,7,10,0,9,9,8
8453,21,6,8,5,6,3,4,11,3,4,9,11,7,2,10,1,8
5123,0,4,9,6,6,2,8,3,3,3,7,2,8,3,6,3,8
2943,14,5,8,5,6,4,7,7,8,5,10,7,8,3,8,4,8
14712,14,7,15,5,8,4,6,7,7,4,9,7,9,5,10,5,8
4847,16,4,6,5,7,5,8,5,7,3,6,5,9,3,8,5,9
1056,10,11,15,10,8,4,7,8,3,8,9,7,8,6,8,4,7
10467,8,8,14,7,8,4,7,9,3,7,14,5,4,3,7,6,8
654,6,10,15,9,8,5,8,4,5,4,9,4,5,4,7,5,8
1947,4,4,7,6,5,4,6,8,3,7,11,8,8,3,8,4,6
2789,6,4,8,5,6,3,6,6,7,6,10,7,12,2,9,4,9
209,1,4,7,4,5,3,6,7,9,7,7,6,7,2,8,9,10
7133,18,7,15,5,8,3,10,3,4,4,10,3,10,4,6,5,11
3681,23,4,7,6,5,3,5,8,1,8,10,9,9,2,9,3,6
6285,15,4,8,6,6,4,8,8,2,5,13,5,5,1,10,3,9
14816,9,5,10,7,8,3,7,7,3,6,15,6,10,3,8,2,8
12982,10,4,11,4,8,2,3,7,8,2,7,5,11,3,8,3,10
12809,11,1,0,1,1,0,2,1,5,5,0,2,5,0,8,0,8
2636,16,3,5,4,6,3,8,10,5,2,6,9,12,2,10,6,8
5775,19,3,7,4,5,2,5,14,1,5,9,10,7,0,8,0,8
10877,16,4,5,5,7,3,9,9,8,6,5,8,9,3,7,6,10
4993,18,3,8,4,6,2,7,7,6,9,5,7,10,0,8,9,8
14238,10,4,6,6,5,5,8,7,2,3,8,3,8,4,5,6,10
9942,20,5,10,7,8,4,6,9,6,7,7,10,10,3,9,1,8
13293,5,5,10,8,8,8,10,6,2,5,9,5,6,5,9,4,7
